title,location,link
Skip to content,Unknown,#content
Academic Programs,Unknown,https://daaru-l-ilm.org/academic-programs/
Academic Programs,Unknown,https://daaru-l-ilm.org/academic-programs/
+44 780 335 6985,Unknown,#
IDAADIYAH A,Unknown,https://daaru-l-ilm.org/courses/idaadiyah-a/
TEMHIDIYAH A,Unknown,https://daaru-l-ilm.org/courses/temhidiyah-a__trashed/
TEMHIDIYAH B,Unknown,https://daaru-l-ilm.org/courses/temhidiyah-b/
TEMHIDIYAH C,Unknown,https://daaru-l-ilm.org/courses/temhidiyah-c/
IBTIDAAIYAH A,Unknown,https://daaru-l-ilm.org/courses/ibtidaaiyah-a/
IBTIDAAIYAH B,Unknown,https://daaru-l-ilm.org/courses/ibtidaaiyah-b/
QUR’AN MEMORIZATION ONLY,Unknown,https://daaru-l-ilm.org/courses/quran-memorization-only/
PRIVATE CLASSES,Unknown,https://daaru-l-ilm.org/courses/private-classes/
IBTIDAIYAH C,Unknown,https://daaru-l-ilm.org/courses/ibtidaiyah-c/
IBTIDAAIYAH B,Unknown,https://daaru-l-ilm.org/courses/ibtidaaiyah-b/
IBTIDAIYAH C,Unknown,https://daaru-l-ilm.org/courses/ibtidaiyah-c/
IDAADIYAH A,Unknown,https://daaru-l-ilm.org/courses/idaadiyah-a/
IBTIDAAIYAH A,Unknown,https://daaru-l-ilm.org/courses/ibtidaaiyah-a/
QUR’AN MEMORIZATION ONLY,Unknown,https://daaru-l-ilm.org/courses/quran-memorization-only/
PRIVATE CLASSES,Unknown,https://daaru-l-ilm.org/courses/private-classes/
TEMHIDIYAH A,Unknown,https://daaru-l-ilm.org/courses/temhidiyah-a__trashed/
TEMHIDIYAH B,Unknown,https://daaru-l-ilm.org/courses/temhidiyah-b/
TEMHIDIYAH C,Unknown,https://daaru-l-ilm.org/courses/temhidiyah-c/
Ustadh Saheed Omotosho,Unknown,https://daaru-l-ilm.org/all-team/ustadh-idrees-sulaimon/
View Profile,Unknown,https://daaru-l-ilm.org/all-team/ustadh-idrees-sulaimon/
Ustadha Barakat Bosere,Unknown,https://daaru-l-ilm.org/all-team/ustadha-barakat-bosere/
View Profile,Unknown,https://daaru-l-ilm.org/all-team/ustadha-barakat-bosere/
Mr Sulaimom Bello,Unknown,https://daaru-l-ilm.org/all-team/mr-sulaimom-bello/
View Profile,Unknown,https://daaru-l-ilm.org/all-team/mr-sulaimom-bello/
Mrs Mulkah Oredola,Unknown,https://daaru-l-ilm.org/all-team/mrs-mulkah-oredola/
View Profile,Unknown,https://daaru-l-ilm.org/all-team/mrs-mulkah-oredola/
Ustadh Abdulhakeem Yaya,Unknown,https://daaru-l-ilm.org/all-team/abdulhakeem-yaya/
View Profile,Unknown,https://daaru-l-ilm.org/all-team/abdulhakeem-yaya/
Ustadh Abdulazeez Aremu,Unknown,https://daaru-l-ilm.org/all-team/ustadh-abdulazeez-aremu/
View Profile,Unknown,https://daaru-l-ilm.org/all-team/ustadh-abdulazeez-aremu/
Ustadh Habeeb Abdulazeez,Unknown,https://daaru-l-ilm.org/all-team/ustadh-habeeb-abdulazeez/
View Profile,Unknown,https://daaru-l-ilm.org/all-team/ustadh-habeeb-abdulazeez/
Ustadh Maruf Olalekan,Unknown,https://daaru-l-ilm.org/all-team/ustadh-maruf-olalekan/
View Profile,Unknown,https://daaru-l-ilm.org/all-team/ustadh-maruf-olalekan/
Ustadh Saheed Omotosho,Unknown,https://daaru-l-ilm.org/all-team/ustadh-idrees-sulaimon/
View Profile,Unknown,https://daaru-l-ilm.org/all-team/ustadh-idrees-sulaimon/
Ustadha Barakat Bosere,Unknown,https://daaru-l-ilm.org/all-team/ustadha-barakat-bosere/
View Profile,Unknown,https://daaru-l-ilm.org/all-team/ustadha-barakat-bosere/
Mr Sulaimom Bello,Unknown,https://daaru-l-ilm.org/all-team/mr-sulaimom-bello/
View Profile,Unknown,https://daaru-l-ilm.org/all-team/mr-sulaimom-bello/
Mrs Mulkah Oredola,Unknown,https://daaru-l-ilm.org/all-team/mrs-mulkah-oredola/
View Profile,Unknown,https://daaru-l-ilm.org/all-team/mrs-mulkah-oredola/
Ustadh Abdulhakeem Yaya,Unknown,https://daaru-l-ilm.org/all-team/abdulhakeem-yaya/
View Profile,Unknown,https://daaru-l-ilm.org/all-team/abdulhakeem-yaya/
Ustadh Abdulazeez Aremu,Unknown,https://daaru-l-ilm.org/all-team/ustadh-abdulazeez-aremu/
View Profile,Unknown,https://daaru-l-ilm.org/all-team/ustadh-abdulazeez-aremu/
Ustadh Habeeb Abdulazeez,Unknown,https://daaru-l-ilm.org/all-team/ustadh-habeeb-abdulazeez/
View Profile,Unknown,https://daaru-l-ilm.org/all-team/ustadh-habeeb-abdulazeez/
Ustadh Maruf Olalekan,Unknown,https://daaru-l-ilm.org/all-team/ustadh-maruf-olalekan/
View Profile,Unknown,https://daaru-l-ilm.org/all-team/ustadh-maruf-olalekan/
Ustadh Saheed Omotosho,Unknown,https://daaru-l-ilm.org/all-team/ustadh-idrees-sulaimon/
View Profile,Unknown,https://daaru-l-ilm.org/all-team/ustadh-idrees-sulaimon/
Ustadha Barakat Bosere,Unknown,https://daaru-l-ilm.org/all-team/ustadha-barakat-bosere/
View Profile,Unknown,https://daaru-l-ilm.org/all-team/ustadha-barakat-bosere/
"Who’s a Muslim, Qualities and characteristics of a Muslim, benefits ofbeing a Muslim",Unknown,https://daaru-l-ilm.org/whos-a-muslim-qualities-and-characteristics-of-a-muslim-benefits-ofbeing-a-muslim/
Uncategorized,Unknown,https://daaru-l-ilm.org/category/uncategorized/
AL-GHUSL (RITUAL BATHING IN ISLAM),Unknown,https://daaru-l-ilm.org/al-ghusl-ritual-bathing-in-islam/
Uncategorized,Unknown,https://daaru-l-ilm.org/category/uncategorized/
AS_SAWM(FASTING),Unknown,https://daaru-l-ilm.org/as_sawmfasting/
Academic Programs,Unknown,https://daaru-l-ilm.org/academic-programs/
Uncategorized,Unknown,https://daaru-l-ilm.org/category/uncategorized/
"+44 798 808 6583, +44 780 335 6985",Unknown,"http://+44%20798%20808%206583,%20+44%20780%20335%206985"
info@daaru-l-ilm.org,Unknown,http://info@daaru-l-ilm.org
Skip to content,Unknown,#content
Academic Programs,Unknown,https://daaru-l-ilm.org/academic-programs/
Academic Programs,Unknown,https://daaru-l-ilm.org/academic-programs/
+44 780 335 6985,Unknown,#
IDAADIYAH A,Unknown,https://daaru-l-ilm.org/courses/idaadiyah-a/
TEMHIDIYAH A,Unknown,https://daaru-l-ilm.org/courses/temhidiyah-a__trashed/
TEMHIDIYAH B,Unknown,https://daaru-l-ilm.org/courses/temhidiyah-b/
TEMHIDIYAH C,Unknown,https://daaru-l-ilm.org/courses/temhidiyah-c/
IBTIDAAIYAH A,Unknown,https://daaru-l-ilm.org/courses/ibtidaaiyah-a/
IBTIDAAIYAH B,Unknown,https://daaru-l-ilm.org/courses/ibtidaaiyah-b/
QUR’AN MEMORIZATION ONLY,Unknown,https://daaru-l-ilm.org/courses/quran-memorization-only/
PRIVATE CLASSES,Unknown,https://daaru-l-ilm.org/courses/private-classes/
IBTIDAIYAH C,Unknown,https://daaru-l-ilm.org/courses/ibtidaiyah-c/
IBTIDAAIYAH B,Unknown,https://daaru-l-ilm.org/courses/ibtidaaiyah-b/
IBTIDAIYAH C,Unknown,https://daaru-l-ilm.org/courses/ibtidaiyah-c/
IDAADIYAH A,Unknown,https://daaru-l-ilm.org/courses/idaadiyah-a/
IBTIDAAIYAH A,Unknown,https://daaru-l-ilm.org/courses/ibtidaaiyah-a/
QUR’AN MEMORIZATION ONLY,Unknown,https://daaru-l-ilm.org/courses/quran-memorization-only/
PRIVATE CLASSES,Unknown,https://daaru-l-ilm.org/courses/private-classes/
TEMHIDIYAH A,Unknown,https://daaru-l-ilm.org/courses/temhidiyah-a__trashed/
TEMHIDIYAH B,Unknown,https://daaru-l-ilm.org/courses/temhidiyah-b/
TEMHIDIYAH C,Unknown,https://daaru-l-ilm.org/courses/temhidiyah-c/
Ustadh Saheed Omotosho,Unknown,https://daaru-l-ilm.org/all-team/ustadh-idrees-sulaimon/
View Profile,Unknown,https://daaru-l-ilm.org/all-team/ustadh-idrees-sulaimon/
Ustadha Barakat Bosere,Unknown,https://daaru-l-ilm.org/all-team/ustadha-barakat-bosere/
View Profile,Unknown,https://daaru-l-ilm.org/all-team/ustadha-barakat-bosere/
Mr Sulaimom Bello,Unknown,https://daaru-l-ilm.org/all-team/mr-sulaimom-bello/
View Profile,Unknown,https://daaru-l-ilm.org/all-team/mr-sulaimom-bello/
Mrs Mulkah Oredola,Unknown,https://daaru-l-ilm.org/all-team/mrs-mulkah-oredola/
View Profile,Unknown,https://daaru-l-ilm.org/all-team/mrs-mulkah-oredola/
Ustadh Abdulhakeem Yaya,Unknown,https://daaru-l-ilm.org/all-team/abdulhakeem-yaya/
View Profile,Unknown,https://daaru-l-ilm.org/all-team/abdulhakeem-yaya/
Ustadh Abdulazeez Aremu,Unknown,https://daaru-l-ilm.org/all-team/ustadh-abdulazeez-aremu/
View Profile,Unknown,https://daaru-l-ilm.org/all-team/ustadh-abdulazeez-aremu/
Ustadh Habeeb Abdulazeez,Unknown,https://daaru-l-ilm.org/all-team/ustadh-habeeb-abdulazeez/
View Profile,Unknown,https://daaru-l-ilm.org/all-team/ustadh-habeeb-abdulazeez/
Ustadh Maruf Olalekan,Unknown,https://daaru-l-ilm.org/all-team/ustadh-maruf-olalekan/
View Profile,Unknown,https://daaru-l-ilm.org/all-team/ustadh-maruf-olalekan/
Ustadh Saheed Omotosho,Unknown,https://daaru-l-ilm.org/all-team/ustadh-idrees-sulaimon/
View Profile,Unknown,https://daaru-l-ilm.org/all-team/ustadh-idrees-sulaimon/
Ustadha Barakat Bosere,Unknown,https://daaru-l-ilm.org/all-team/ustadha-barakat-bosere/
View Profile,Unknown,https://daaru-l-ilm.org/all-team/ustadha-barakat-bosere/
Mr Sulaimom Bello,Unknown,https://daaru-l-ilm.org/all-team/mr-sulaimom-bello/
View Profile,Unknown,https://daaru-l-ilm.org/all-team/mr-sulaimom-bello/
Mrs Mulkah Oredola,Unknown,https://daaru-l-ilm.org/all-team/mrs-mulkah-oredola/
View Profile,Unknown,https://daaru-l-ilm.org/all-team/mrs-mulkah-oredola/
Ustadh Abdulhakeem Yaya,Unknown,https://daaru-l-ilm.org/all-team/abdulhakeem-yaya/
View Profile,Unknown,https://daaru-l-ilm.org/all-team/abdulhakeem-yaya/
Ustadh Abdulazeez Aremu,Unknown,https://daaru-l-ilm.org/all-team/ustadh-abdulazeez-aremu/
View Profile,Unknown,https://daaru-l-ilm.org/all-team/ustadh-abdulazeez-aremu/
Ustadh Habeeb Abdulazeez,Unknown,https://daaru-l-ilm.org/all-team/ustadh-habeeb-abdulazeez/
View Profile,Unknown,https://daaru-l-ilm.org/all-team/ustadh-habeeb-abdulazeez/
Ustadh Maruf Olalekan,Unknown,https://daaru-l-ilm.org/all-team/ustadh-maruf-olalekan/
View Profile,Unknown,https://daaru-l-ilm.org/all-team/ustadh-maruf-olalekan/
Ustadh Saheed Omotosho,Unknown,https://daaru-l-ilm.org/all-team/ustadh-idrees-sulaimon/
View Profile,Unknown,https://daaru-l-ilm.org/all-team/ustadh-idrees-sulaimon/
Ustadha Barakat Bosere,Unknown,https://daaru-l-ilm.org/all-team/ustadha-barakat-bosere/
View Profile,Unknown,https://daaru-l-ilm.org/all-team/ustadha-barakat-bosere/
"Who’s a Muslim, Qualities and characteristics of a Muslim, benefits ofbeing a Muslim",Unknown,https://daaru-l-ilm.org/whos-a-muslim-qualities-and-characteristics-of-a-muslim-benefits-ofbeing-a-muslim/
Uncategorized,Unknown,https://daaru-l-ilm.org/category/uncategorized/
AL-GHUSL (RITUAL BATHING IN ISLAM),Unknown,https://daaru-l-ilm.org/al-ghusl-ritual-bathing-in-islam/
Uncategorized,Unknown,https://daaru-l-ilm.org/category/uncategorized/
AS_SAWM(FASTING),Unknown,https://daaru-l-ilm.org/as_sawmfasting/
Academic Programs,Unknown,https://daaru-l-ilm.org/academic-programs/
Uncategorized,Unknown,https://daaru-l-ilm.org/category/uncategorized/
"+44 798 808 6583, +44 780 335 6985",Unknown,"http://+44%20798%20808%206583,%20+44%20780%20335%206985"
info@daaru-l-ilm.org,Unknown,http://info@daaru-l-ilm.org
Skip to content,Unknown,#content
Academic Programs,Unknown,https://daaru-l-ilm.org/academic-programs/
Academic Programs,Unknown,https://daaru-l-ilm.org/academic-programs/
+44 780 335 6985,Unknown,#
IDAADIYAH A,Unknown,https://daaru-l-ilm.org/courses/idaadiyah-a/
TEMHIDIYAH A,Unknown,https://daaru-l-ilm.org/courses/temhidiyah-a__trashed/
TEMHIDIYAH B,Unknown,https://daaru-l-ilm.org/courses/temhidiyah-b/
TEMHIDIYAH C,Unknown,https://daaru-l-ilm.org/courses/temhidiyah-c/
IBTIDAAIYAH A,Unknown,https://daaru-l-ilm.org/courses/ibtidaaiyah-a/
IBTIDAAIYAH B,Unknown,https://daaru-l-ilm.org/courses/ibtidaaiyah-b/
QUR’AN MEMORIZATION ONLY,Unknown,https://daaru-l-ilm.org/courses/quran-memorization-only/
PRIVATE CLASSES,Unknown,https://daaru-l-ilm.org/courses/private-classes/
IBTIDAIYAH C,Unknown,https://daaru-l-ilm.org/courses/ibtidaiyah-c/
IBTIDAAIYAH B,Unknown,https://daaru-l-ilm.org/courses/ibtidaaiyah-b/
IBTIDAIYAH C,Unknown,https://daaru-l-ilm.org/courses/ibtidaiyah-c/
IDAADIYAH A,Unknown,https://daaru-l-ilm.org/courses/idaadiyah-a/
IBTIDAAIYAH A,Unknown,https://daaru-l-ilm.org/courses/ibtidaaiyah-a/
QUR’AN MEMORIZATION ONLY,Unknown,https://daaru-l-ilm.org/courses/quran-memorization-only/
PRIVATE CLASSES,Unknown,https://daaru-l-ilm.org/courses/private-classes/
TEMHIDIYAH A,Unknown,https://daaru-l-ilm.org/courses/temhidiyah-a__trashed/
TEMHIDIYAH B,Unknown,https://daaru-l-ilm.org/courses/temhidiyah-b/
TEMHIDIYAH C,Unknown,https://daaru-l-ilm.org/courses/temhidiyah-c/
Ustadh Saheed Omotosho,Unknown,https://daaru-l-ilm.org/all-team/ustadh-idrees-sulaimon/
View Profile,Unknown,https://daaru-l-ilm.org/all-team/ustadh-idrees-sulaimon/
Ustadha Barakat Bosere,Unknown,https://daaru-l-ilm.org/all-team/ustadha-barakat-bosere/
View Profile,Unknown,https://daaru-l-ilm.org/all-team/ustadha-barakat-bosere/
Mr Sulaimom Bello,Unknown,https://daaru-l-ilm.org/all-team/mr-sulaimom-bello/
View Profile,Unknown,https://daaru-l-ilm.org/all-team/mr-sulaimom-bello/
Mrs Mulkah Oredola,Unknown,https://daaru-l-ilm.org/all-team/mrs-mulkah-oredola/
View Profile,Unknown,https://daaru-l-ilm.org/all-team/mrs-mulkah-oredola/
Ustadh Abdulhakeem Yaya,Unknown,https://daaru-l-ilm.org/all-team/abdulhakeem-yaya/
View Profile,Unknown,https://daaru-l-ilm.org/all-team/abdulhakeem-yaya/
Ustadh Abdulazeez Aremu,Unknown,https://daaru-l-ilm.org/all-team/ustadh-abdulazeez-aremu/
View Profile,Unknown,https://daaru-l-ilm.org/all-team/ustadh-abdulazeez-aremu/
Ustadh Habeeb Abdulazeez,Unknown,https://daaru-l-ilm.org/all-team/ustadh-habeeb-abdulazeez/
View Profile,Unknown,https://daaru-l-ilm.org/all-team/ustadh-habeeb-abdulazeez/
Ustadh Maruf Olalekan,Unknown,https://daaru-l-ilm.org/all-team/ustadh-maruf-olalekan/
View Profile,Unknown,https://daaru-l-ilm.org/all-team/ustadh-maruf-olalekan/
Ustadh Saheed Omotosho,Unknown,https://daaru-l-ilm.org/all-team/ustadh-idrees-sulaimon/
View Profile,Unknown,https://daaru-l-ilm.org/all-team/ustadh-idrees-sulaimon/
Ustadha Barakat Bosere,Unknown,https://daaru-l-ilm.org/all-team/ustadha-barakat-bosere/
View Profile,Unknown,https://daaru-l-ilm.org/all-team/ustadha-barakat-bosere/
Mr Sulaimom Bello,Unknown,https://daaru-l-ilm.org/all-team/mr-sulaimom-bello/
View Profile,Unknown,https://daaru-l-ilm.org/all-team/mr-sulaimom-bello/
Mrs Mulkah Oredola,Unknown,https://daaru-l-ilm.org/all-team/mrs-mulkah-oredola/
View Profile,Unknown,https://daaru-l-ilm.org/all-team/mrs-mulkah-oredola/
Ustadh Abdulhakeem Yaya,Unknown,https://daaru-l-ilm.org/all-team/abdulhakeem-yaya/
View Profile,Unknown,https://daaru-l-ilm.org/all-team/abdulhakeem-yaya/
Ustadh Abdulazeez Aremu,Unknown,https://daaru-l-ilm.org/all-team/ustadh-abdulazeez-aremu/
View Profile,Unknown,https://daaru-l-ilm.org/all-team/ustadh-abdulazeez-aremu/
Ustadh Habeeb Abdulazeez,Unknown,https://daaru-l-ilm.org/all-team/ustadh-habeeb-abdulazeez/
View Profile,Unknown,https://daaru-l-ilm.org/all-team/ustadh-habeeb-abdulazeez/
Ustadh Maruf Olalekan,Unknown,https://daaru-l-ilm.org/all-team/ustadh-maruf-olalekan/
View Profile,Unknown,https://daaru-l-ilm.org/all-team/ustadh-maruf-olalekan/
Ustadh Saheed Omotosho,Unknown,https://daaru-l-ilm.org/all-team/ustadh-idrees-sulaimon/
View Profile,Unknown,https://daaru-l-ilm.org/all-team/ustadh-idrees-sulaimon/
Ustadha Barakat Bosere,Unknown,https://daaru-l-ilm.org/all-team/ustadha-barakat-bosere/
View Profile,Unknown,https://daaru-l-ilm.org/all-team/ustadha-barakat-bosere/
"Who’s a Muslim, Qualities and characteristics of a Muslim, benefits ofbeing a Muslim",Unknown,https://daaru-l-ilm.org/whos-a-muslim-qualities-and-characteristics-of-a-muslim-benefits-ofbeing-a-muslim/
Uncategorized,Unknown,https://daaru-l-ilm.org/category/uncategorized/
AL-GHUSL (RITUAL BATHING IN ISLAM),Unknown,https://daaru-l-ilm.org/al-ghusl-ritual-bathing-in-islam/
Uncategorized,Unknown,https://daaru-l-ilm.org/category/uncategorized/
AS_SAWM(FASTING),Unknown,https://daaru-l-ilm.org/as_sawmfasting/
Academic Programs,Unknown,https://daaru-l-ilm.org/academic-programs/
Uncategorized,Unknown,https://daaru-l-ilm.org/category/uncategorized/
"+44 798 808 6583, +44 780 335 6985",Unknown,"http://+44%20798%20808%206583,%20+44%20780%20335%206985"
info@daaru-l-ilm.org,Unknown,http://info@daaru-l-ilm.org
